patient_id,annual_medical_cost,age,bmi,blood_pressure_systolic,cholesterol,exercise_hours_weekly,smoking_status,comorbidities
P001,4250,35,22.5,120,190,5,0,0
P002,6800,52,28.3,135,240,2,1,2
P003,3150,28,21.8,115,170,7,0,0
P004,8920,61,31.2,145,280,1,1,3
P005,4500,42,24.1,125,205,4,0,1
P006,5200,48,26.5,130,220,3,1,1
P007,2800,25,20.2,110,160,8,0,0
P008,7600,58,29.8,140,260,2,1,2
P009,3900,38,23.4,122,195,5,0,0
P010,6200,55,27.6,138,235,3,0,2
P011,4100,40,22.9,123,200,6,0,0
P012,7100,59,30.1,142,250,1,1,2
P013,3200,29,21.5,116,175,7,0,0
P014,5800,50,25.8,128,215,4,1,1
P015,4600,44,24.5,126,210,5,0,1
P016,6900,56,28.9,139,245,2,1,2
P017,2900,26,20.8,112,165,8,0,0
P018,8100,60,31.5,143,270,1,1,3
P019,4000,39,23.6,124,198,5,0,0
P020,6500,54,27.2,137,230,3,0,2
P021,3700,36,22.1,119,188,6,0,0
P022,7300,57,29.4,141,255,2,1,2
P023,3100,27,20.5,114,168,7,0,0
P024,6100,51,25.5,129,218,4,1,1
P025,4700,45,24.8,127,212,5,0,1
P026,5900,49,26.2,131,222,3,1,1
P027,2950,24,20.1,109,162,9,0,0
P028,8200,62,31.8,146,275,0,1,3
P029,4150,41,23.2,121,202,6,0,0
P030,6650,53,27.8,136,232,3,0,2
P031,3850,37,22.7,120,192,6,0,0
P032,7450,59,30.3,142,252,2,1,2
P033,3050,28,21.2,115,172,8,0,0
P034,6350,52,25.9,130,220,4,1,1
P035,4800,46,25.1,128,214,5,0,1
